Pf3D7_01_v3	92901	457931
Pf3D7_01_v3	460312	575900
Pf3D7_02_v3	105801	447300
Pf3D7_02_v3	450451	862500
Pf3D7_03_v3	70631	597816
Pf3D7_03_v3	600276	1003060
Pf3D7_04_v3	91421	545800
Pf3D7_04_v3	614901	642003
Pf3D7_04_v3	644530	935030
Pf3D7_04_v3	983081	1143990
Pf3D7_05_v3	37901	455740
Pf3D7_05_v3	457253	1321390
Pf3D7_06_v3	72351	478652
Pf3D7_06_v3	480972	723117
Pf3D7_06_v3	742801	1294830
Pf3D7_07_v3	77101	508360
Pf3D7_07_v3	605651	809245
Pf3D7_07_v3	811717	1381600
Pf3D7_08_v3	73561	299079
Pf3D7_08_v3	301404	427430
Pf3D7_08_v3	467341	1365730
Pf3D7_09_v3	79101	1242137
Pf3D7_09_v3	1244484	1473560
Pf3D7_10_v3	68971	1571815
Pf3D7_11_v3	110001	831968
Pf3D7_11_v3	834246	2003320
Pf3D7_12_v3	60301	766654
Pf3D7_12_v3	780451	1282773
Pf3D7_12_v3	1285068	1688600
Pf3D7_12_v3	1745531	2163700
Pf3D7_13_v3	74414	1168127
Pf3D7_13_v3	1170426	2791900
Pf3D7_14_v3	35775	1071523
Pf3D7_14_v3	1075090	3255710
		